{
  "name": {
    "type": "Input",
    "value": "New SubItem"
  },
  "status": {
    "type": "Status"
  },
  "title": {
    "type": "InputLang",
    "php": true
  },
  "icon": {
    "type": "Icon",
    "selector": ".accordion-menu-%s .j-menu .accordion-menu-item-%s > a::before"
  },
  "iconHover": {
    "type": "Color",
    "selector": ".accordion-menu-%s .j-menu .accordion-menu-item-%s:hover > a::before",
    "property": "color"
  },
  "link": {
    "type": "Link",
    "php": true
  },
  "subcategories": {
    "type": "Toggle"
  }
}
