{
  "name": {
    "type": "Input",
    "value": "New Menu Item"
  },
  "title": {
    "type": "InputLang",
    "php": true
  },
  "icon": {
    "type": "Icon",
    "selector": ".flyout-menu-%s .flyout-menu-item-%s > a::before"
  },
  "iconHover": {
    "type": "Color",
    "selector": ".flyout-menu-%s .flyout-menu-item-%s:hover > a::before",
    "property": "color"
  },
  "font": {
    "type": "Icon",
    "selector": ".flyout-menu-%s .flyout-menu-item-%s > a"
  },
  "fontHover": {
    "type": "Font",
    "selector": ".flyout-menu-%s .flyout-menu-item-%s:hover > a"
  },
  "bg": {
    "type": "Background",
    "selector": ".flyout-menu-%s .flyout-menu-item-%s"
  },
  "bgHover": {
    "type": "Background",
    "selector": ".flyout-menu-%s .flyout-menu-item-%s:hover"
  },
  "link": {
    "type": "Link",
    "php": true
  },
  "subcategories": {
    "type": "Toggle"
  },
  "type": {
    "type": "Radio",
    "value": "multilevel",
    "php": true
  },
  "flyout": {
    "type": "Module"
  },
  "position": {
    "type": "Radio",
    "value": "left",
    "php": true
  },
  "flyoutMegaMenuWidth": {
    "type": "InputNumber",
    "selector": ".flyout-menu-%s .mega-menu.flyout-menu-item-%s .dropdown-menu",
    "property": "width:%spx",
    "value": "800"
  },
  "flyoutMegaMenuBG": {
    "type": "Background",
    "selector": ".flyout-menu-%s .mega-menu.flyout-menu-item-%s .dropdown-menu"
  },
  "flyoutMegaMenuBorder": {
    "type": "Border",
    "selector": ".flyout-menu-%s .mega-menu.flyout-menu-item-%s .dropdown-menu"
  },
  "flyoutMegaMenuShadow": {
    "type": "Shadow",
    "selector": ".flyout-menu-%s .mega-menu.flyout-menu-item-%s .dropdown-menu"
  },
  "flyoutMultiLevelPosition": {
    "type": "Radio",
    "value": "right",
    "rules": {
      "left": {
        ".desktop-header-active .flyout-menu-%s .flyout-menu-item-%s.multi-level .dropdown-menu": "left:0%; transform: translateX(-100%);"
      },
      "right": {
        ".desktop-header-active .flyout-menu-%s .flyout-menu-item-%s.multi-level .dropdown-menu": "left:100%"
      }
    },
    "rtlRules": {
      "right": {
        ".desktop-header-active .flyout-menu-%s .flyout-menu-item-%s.multi-level .dropdown-menu": "right:100%"
      },
      "left": {
        ".desktop-header-active .flyout-menu-%s .flyout-menu-item-%s.multi-level .dropdown-menu": "right:0; transform: translateX(100%);"
      }
    }
  },
  "flyoutMultiLevelOffset": {
    "type": "InputNumber",
    "rules": {
      "@": {
        ".desktop-header-active .flyout-menu-%s .flyout-menu-item-%s.multi-level .dropdown-menu": "margin-left:%spx"
      }
    },
    "rtlRules": {
      "@": {
        ".desktop-header-active .flyout-menu-%s .flyout-menu-item-%s.multi-level .dropdown-menu": "margin-right:%spx"
      }
    }
  },
  "flyoutMultiLevelDropdownWidth": {
    "type": "InputNumber",
    "rules": {
      "@": {
        ".desktop-header-active .flyout-menu-%s .flyout-menu-item-%s.multi-level .dropdown-menu": "width:%spx"
      }
    }
  }
}
