{
  "status": {
    "type": "Status"
  },
  "background": {
    "type": "Background",
    "selector": ".main-menu-%s .main-menu-item-%s.mega-menu .grid-row-%s"
  },
  "padding": {
    "type": "Padding",
    "selector": ".main-menu-%s .main-menu-item-%s.mega-menu .grid-row-%s"
  },
  "border": {
    "type": "Border",
    "selector": ".main-menu-%s .main-menu-item-%s.mega-menu .grid-row-%s"
  },
  "shadow": {
    "type": "Shadow",
    "selector": ".main-menu-%s .main-menu-item-%s.mega-menu .grid-row-%s"
  },
  "marginTop": {
    "type": "InputNumber",
    "rules": {
      "@": {
        ".main-menu-%s .main-menu-item-%s.mega-menu .grid-row-%s": "margin-top:%spx"
      }
    }
  },
  "margin": {
    "type": "InputNumber",
    "rules":{
      "@":{
        ".main-menu-%s .main-menu-item-%s.mega-menu .grid-row-%s": "margin-bottom:%spx"
      }
    }
  },

  "overlayStatus": {
    "type": "Toggle",
    "value": "false",
    "rules": {
      "true": {
        ".main-menu-%s .main-menu-item-%s.mega-menu .grid-row-%s::before": "content:''"
      }
    }
  },
  "overlayVisibility": {
    "type": "Toggle",
    "rules": {
      "true": {
        ".main-menu-%s .main-menu-item-%s.mega-menu .grid-row-%s::before": "display: block"
      },
      "false": {
        ".main-menu-%s .main-menu-item-%s.mega-menu .grid-row-%s::before": "display: none"
      }
    }
  },
  "overlayBackground": {
    "type": "Background",
    "selector": ".main-menu-%s .main-menu-item-%s.mega-menu .grid-row-%s::before"
  },
  "rowOverlayBlend": {
    "type": "Select",
    "selector": ".main-menu-%s .main-menu-item-%s.mega-menu .grid-row-%s::before",
    "property": "mix-blend-mode"
  },
  "overlayBorder": {
    "type": "Border",
    "selector": ".main-menu-%s .main-menu-item-%s.mega-menu .grid-row-%s::before"
  },
  "overlayHeight": {
    "type": "InputNumber",
    "rules":{
      "@":{
        ".main-menu-%s .main-menu-item-%s.mega-menu .grid-row-%s::before": "height:%s%"
      }
    }
  },
  "overlayAlign": {
    "type": "Radio",
    "value": "center",
    "rules": {
      "left": {
        ".main-menu-%s .main-menu-item-%s.mega-menu .grid-row-%s::before": "left: -50%; width:100%"
      },
      "center": {
        ".main-menu-%s .main-menu-item-%s.mega-menu .grid-row-%s::before": "left: 0; width:100vw"
      },
      "right": {
        ".main-menu-%s .main-menu-item-%s.mega-menu .grid-row-%s::before": "left: 50%; width:100vw"
      }
    }
  },
  "overlayRotate": {
    "type": "InputNumber",
    "rules":{
      "@":{
        ".main-menu-%s .main-menu-item-%s.mega-menu .grid-row-%s::before": "transform: translate3d(0,0,0) rotate(%sdeg) skew(%sdeg);"
      }
    }
  },
  "overlayTop": {
    "type": "InputNumber",
    "rules":{
      "@":{
        ".main-menu-%s .main-menu-item-%s.mega-menu .grid-row-%s::before": "top:%svw"
      }
    }
  }

}
